City,Latitude,Longitude,Max Temp,Humidity,Cloudiness,Wind Speed,Country,Date
hobart,-42.88,147.33,57.2,47,40,5.82,AU,1597818296
rikitea,-23.12,-134.97,71.78,82,71,12.71,PF,1597818551
jalu,29.03,21.55,81.25,43,0,6.96,LY,1597818551
thinadhoo,0.53,72.93,84.76,68,84,9.04,MV,1597818551
mataura,-46.19,168.86,52,89,63,1.99,NZ,1597818551
sal rei,16.18,-22.92,78.8,74,75,11.41,CV,1597818551
namibe,-15.2,12.15,62.06,83,0,4.97,AO,1597818551
jiuquan,39.74,98.52,90.79,12,0,15.23,CN,1597818312
kholmogory,64.22,41.66,55.4,71,20,4.47,RU,1597818292
charlestown,-32.95,151.67,68,32,9,11.01,AU,1597818552
karlstad,59.38,13.5,64.99,100,20,2.39,SE,1597818552
qaqortoq,60.72,-46.03,48.2,70,0,3.36,GL,1597818544
avarua,-21.21,-159.78,73.69,80,58,27.2,CK,1597818552
busselton,-33.65,115.33,62.01,45,17,7.23,AU,1597818552
sao filipe,14.9,-24.5,77.04,88,53,10.85,CV,1597818552
flinders,-34.58,150.86,55.99,69,27,25.99,AU,1597818552
east london,-33.02,27.91,53.6,50,75,23.04,ZA,1597818553
huarmey,-10.07,-78.15,59.11,85,45,10.8,PE,1597818553
lastoursville,-0.81,12.73,74.28,84,83,2.77,GA,1597818553
ribeira grande,38.52,-28.7,68,72,20,6.93,PT,1597818553
kokopo,-4.35,152.26,83.07,70,40,13.49,PG,1597818553
azangaro,-14.92,-70.22,35.19,81,7,1.79,PE,1597818554
ushuaia,-54.8,-68.3,28.4,92,75,2.24,AR,1597818318
khatanga,71.97,102.5,58.03,51,3,17.43,RU,1597818554
hithadhoo,-0.6,73.08,84.36,72,29,9.24,MV,1597818554
ilulissat,69.22,-51.1,44.6,56,96,8.14,GL,1597818554
mar del plata,-38,-57.56,39.99,74,17,9.17,AR,1597818547
codrington,-38.27,141.97,54,69,68,11.01,AU,1597818554
port shepstone,-30.74,30.45,58.69,44,0,24.54,ZA,1597818555
jati,24.35,68.27,93.45,56,92,14.76,PK,1597818555
georgetown,5.41,100.34,89.6,70,40,6.93,MY,1597818555
albany,42.6,-73.97,60.01,70,3,4.07,US,1597818531
mahebourg,-20.41,57.7,77,53,40,19.46,MU,1597818555
lagoa,39.05,-27.98,69.46,77,47,20.29,PT,1597818555
kilindoni,-7.91,39.67,77,75,26,5.55,TZ,1597818556
tual,-5.67,132.75,78.42,83,25,13.13,ID,1597818556
djougou,9.71,1.67,73.4,88,75,2.24,BJ,1597818556
jamestown,42.1,-79.24,57.99,93,75,3.53,US,1597818344
verkhoyansk,67.54,133.38,50.36,58,97,18.61,RU,1597818556
tasiilaq,65.61,-37.64,41,75,61,4.7,GL,1597818556
cape town,-33.93,18.42,46,81,20,4.7,ZA,1597818327
santa cruz,-17.8,-63.17,73.4,88,75,8.05,BO,1597818417
chokurdakh,70.63,147.92,36.99,83,100,9.75,RU,1597818557
srednekolymsk,67.45,153.68,57.29,45,92,4.92,RU,1597818557
sola,-13.88,167.55,80.6,88,90,14.16,VU,1597818557
tuatapere,-46.13,167.68,52,89,79,1.99,NZ,1597818557
bredasdorp,-34.53,20.04,44.6,81,20,5.82,ZA,1597818557
sorland,67.67,12.69,51.8,81,90,8.05,NO,1597818557
coquimbo,-29.95,-71.34,50,76,100,2.28,CL,1597818558
port lincoln,-34.73,135.87,56.7,70,15,22.19,AU,1597818558
kaitangata,-46.28,169.85,53.01,74,84,2.21,NZ,1597818558
komsomolskiy,40.43,71.72,77,44,90,2.24,UZ,1597818558
butaritari,3.07,172.79,83.97,70,0,9.71,KI,1597818558
juneau,58.3,-134.42,55.99,87,90,8.05,US,1597818558
sagauli,26.78,84.73,94.78,54,14,12.21,IN,1597818559
upernavik,72.79,-56.15,46.24,68,100,4.52,GL,1597818559
warmbad,-28.45,18.73,40.87,69,77,5.14,NA,1597818559
bluff,-46.6,168.33,52,89,71,1.99,NZ,1597818559
hilo,19.73,-155.09,75.2,78,75,8.05,US,1597818559
lorengau,-2.02,147.27,85.5,67,12,7.2,PG,1597818559
mecca,21.43,39.83,96.04,25,54,8.5,SA,1597818560
kieta,-6.22,155.63,82.67,72,15,4.14,PG,1597818560
lebu,-37.62,-73.65,43.32,76,0,13.29,CL,1597818560
sinegorye,62.08,150.48,51.04,76,100,4.45,RU,1597818560
severnoye,56.35,78.36,58.14,83,83,6.62,RU,1597818560
antofagasta,-23.65,-70.4,51.8,71,20,6.93,CL,1597818541
dhidhdhoo,6.88,73.1,82.94,69,84,7.2,MV,1597818560
vostok,46.49,135.88,58.01,93,100,3.78,RU,1597818560
marystown,47.17,-55.15,61,100,98,5.01,CA,1597818560
alice springs,-23.7,133.88,75,15,0,4.7,AU,1597818542
bereda,43.27,-7.54,68,77,65,15.01,ES,1597818561
fortuna,40.6,-124.16,55.99,91,43,3.83,US,1597818561
gorontalo,0.54,123.06,86.77,52,4,8.21,ID,1597818561
birjand,32.87,59.22,87.8,9,0,9.17,IR,1597818561
port keats,-14.25,129.55,84.83,53,12,10.49,AU,1597818561
yumen,40.28,97.2,91.9,11,0,20.92,CN,1597818562
along,28.17,94.77,93.79,45,10,2.8,IN,1597818562
the valley,18.22,-63.06,84.2,70,40,12.75,AI,1597818562
fallon,39.47,-118.78,78.8,36,40,5.82,US,1597818562
leningradskiy,69.38,178.42,49.01,62,61,11.99,RU,1597818562
chapleau,47.84,-83.4,45.48,94,11,3.02,CA,1597818562
te anau,-45.42,167.72,47.57,88,64,3.2,NZ,1597818563
port alfred,-33.59,26.89,54.23,69,54,23.69,ZA,1597818563
tuktoyaktuk,69.45,-133.04,53.6,87,20,4.7,CA,1597818563
manado,1.49,124.85,89.6,55,40,8.05,ID,1597818563
narsaq,60.92,-46.05,48.2,70,0,3.36,GL,1597818563
kuala terengganu,5.33,103.14,89.6,66,40,5.82,MY,1597818563
normandin,48.83,-72.53,53.6,93,75,8.05,CA,1597818564
itacoatiara,-3.14,-58.44,79.32,56,49,3.36,BR,1597818465
kapaa,22.08,-159.32,77,83,90,20.8,US,1597818564
sinnamary,5.38,-52.95,77.38,87,6,7.2,GF,1597818564
salinas,36.68,-121.66,69.8,64,1,4.7,US,1597818564
copiapo,-27.37,-70.33,51.8,71,1,2.24,CL,1597818564
great yarmouth,52.61,1.73,63,97,65,7.7,GB,1597818564
ancud,-41.87,-73.82,37,92,1,4.7,CL,1597818565
thompson,55.74,-97.86,59,93,90,5.82,CA,1597818560
hermanus,-34.42,19.23,41,92,56,7.05,ZA,1597818565
caravelas,-17.71,-39.25,70.56,92,6,5.44,BR,1597818565
pevek,69.7,170.31,44.83,67,75,7.45,RU,1597818565
hambantota,6.12,81.12,89.6,62,20,13.87,LK,1597818565
cefalu,38.04,14.02,78.01,81,45,1.99,IT,1597818565
chuy,-33.7,-53.46,49.33,89,0,11.25,UY,1597818565
pisco,-13.7,-76.22,57.99,87,75,4.7,PE,1597818314
barrow,71.29,-156.79,44.6,93,90,9.17,US,1597818566
coos bay,43.37,-124.22,57,100,90,2.13,US,1597818566
okhotsk,59.38,143.3,55.11,82,100,11.14,RU,1597818566
varnamo,57.19,14.04,64,95,64,3.65,SE,1597818566
kodiak,57.79,-152.41,57.2,76,90,4.7,US,1597818566
sitka,57.05,-135.33,55.4,87,90,5.82,US,1597818566
vaini,-21.2,-175.2,73.4,100,90,9.17,TO,1597818567
innisfail,-17.53,146.03,88,20,60,3,AU,1597818567
loikaw,19.67,97.21,69.3,94,100,2.77,MM,1597818567
coruripe,-10.13,-36.18,71.78,82,37,10.6,BR,1597818471
butiama,-1.77,33.97,69.8,83,75,5.99,TZ,1597818567
fairbanks,64.84,-147.72,63,67,40,0.72,US,1597818550
bambous virieux,-20.34,57.76,77,53,40,19.46,MU,1597818568
mehamn,71.04,27.85,51.8,81,97,4.7,NO,1597818568
butwal,27.7,83.45,87.39,72,56,4.07,NP,1597818568
indramayu,-6.33,108.32,86.65,58,59,15.5,ID,1597818568
westport,41.14,-73.36,69.8,68,20,3.36,US,1597818568
kysyl-syr,63.9,122.76,62.76,48,75,7.61,RU,1597818569
mbanza-ngungu,-5.25,14.87,69.26,82,95,7.78,CD,1597818569
cabedelo,-6.98,-34.83,69.8,88,20,3.36,BR,1597818569
ponta do sol,32.67,-17.1,69.8,73,20,5.82,PT,1597818569
champerico,14.3,-91.92,79.05,78,100,4.79,GT,1597818569
nurota,40.56,65.69,84.2,14,0,4.7,UZ,1597818569
saskylakh,71.92,114.08,48.9,55,98,9.64,RU,1597818569
shorapur,16.52,76.75,82.96,65,100,16.93,IN,1597818570
esperance,-33.87,121.9,55.4,100,75,16.11,AU,1597818570
yuzhno-kurilsk,44.03,145.86,69.55,81,39,6.93,RU,1597818570
nenjiang,49.18,125.22,66.99,54,1,10.65,CN,1597818570
roma,43.21,-75.46,59,87,90,0.18,US,1597818327
provideniya,64.38,-173.3,53.6,76,75,8.95,RU,1597818570
yellowknife,62.46,-114.35,59,77,75,10.29,CA,1597818380
cherskiy,68.75,161.3,51.08,65,94,7.14,RU,1597818571
coahuayana,18.73,-103.68,75.45,81,100,3.65,MX,1597818571
arraial do cabo,-22.97,-42.03,71.13,88,29,21.27,BR,1597818571
algiers,36.75,3.04,68,77,41,3.69,DZ,1597818571
dingle,11,122.67,84.87,79,99,7.4,PH,1597818572
puerto ayora,-0.74,-90.35,66,95,69,5.99,EC,1597818572
puerto escondido,15.85,-97.07,78.89,83,97,7.74,MX,1597818572
yining,29.04,114.56,96.17,52,98,0.89,CN,1597818572
white rock,49.02,-122.8,64.99,83,52,1.01,CA,1597818572
oranjemund,-28.55,16.43,51.31,56,13,11.12,NA,1597818573
saint-philippe,-21.36,55.77,77,57,38,14.99,RE,1597818573
cidreira,-30.18,-50.21,61.32,96,33,10.74,BR,1597818573
husavik,66.04,-17.34,46.4,75,36,2.24,IS,1597818573
mishelevka,52.86,103.17,80.91,42,13,9.91,RU,1597818573
tiksi,71.69,128.87,40.06,89,100,11.81,RU,1597818573
dalby,-27.18,151.27,75,19,4,1.99,AU,1597818573
pemangkat,1.17,108.97,87.78,60,99,2.73,ID,1597818517
chapais,49.78,-74.85,51.8,93,90,9.17,CA,1597818308
hakkari,37.58,44.17,71.6,46,0,1.12,TR,1597818452
bengkulu,-3.8,102.27,87.13,60,36,9.57,ID,1597818332
soyo,-6.13,12.37,71.6,94,75,6.93,AO,1597818574
punta arenas,-53.15,-70.92,33.8,86,73,16.11,CL,1597818564
lichtenburg,-26.15,26.16,34.54,75,0,18.45,ZA,1597818575
atlantic city,39.36,-74.42,73,83,1,3.36,US,1597818575
nara,34.69,135.8,107.01,39,20,8.05,JP,1597818575
lompoc,34.64,-120.46,66.99,72,1,3.36,US,1597818575
vila franca do campo,37.72,-25.43,69.8,77,20,6.93,PT,1597818558
paciran,-6.88,112.38,87.58,52,1,7.27,ID,1597818575
bull savanna,17.89,-77.59,77.29,86,2,4.27,JM,1597818576
paravur,8.78,76.7,87.8,70,40,6.93,IN,1597818576
grindavik,63.84,-22.43,51.8,93,90,6.93,IS,1597818576
jiaocheng,24.68,116.14,91.06,59,36,6.35,CN,1597818576
kawalu,-7.38,108.21,82.36,61,96,5.48,ID,1597818577
atuona,-9.8,-139.03,78.94,73,7,23.09,PF,1597818475
high prairie,55.43,-116.49,56.95,68,24,2.46,CA,1597818577
college,64.86,-147.8,63,72,75,4.7,US,1597818577
port blair,11.67,92.75,86.14,69,69,15.46,IN,1597818577
taonan,45.33,122.78,71.74,39,100,12.59,CN,1597818577
marienburg,54.04,19.03,70,100,98,7.92,PL,1597818577
airai,-8.93,125.41,75.4,44,28,3.8,TL,1597818578
bathsheba,13.22,-59.52,82.4,78,40,18.34,BB,1597818578
touros,-5.2,-35.46,69.8,94,20,3.36,BR,1597818578
junction city,39.03,-96.83,66.99,88,1,8.93,US,1597818578
miandrivazo,-19.52,45.47,79.11,37,0,4.45,MG,1597818578
progreso,21.28,-89.67,77.97,83,2,4.9,MX,1597818578
ribeira brava,32.65,-17.07,69.8,73,20,5.82,PT,1597818578
kavaratti,10.57,72.64,86,70,20,6.93,IN,1597818578
assiniboia,49.63,-105.98,77.22,30,16,8.97,CA,1597818579
mandera,3.94,41.87,79.95,60,95,17.67,KE,1597818579
porangatu,-13.44,-49.15,71.69,42,50,2.75,BR,1597818579
torbay,47.67,-52.73,59,100,90,18.34,CA,1597818654
saldanha,-33.01,17.94,35.6,73,1,3.36,ZA,1597818654
xining,36.62,101.77,75.29,33,17,3.24,CN,1597818655
vardo,70.37,31.11,51.8,76,75,5.82,NO,1597818655
yerbogachen,61.28,108.01,72.48,30,0,5.39,RU,1597818655
mongomo,1.63,11.31,69.66,96,100,1.97,GQ,1597818655
bilma,18.69,12.92,92.62,13,0,13.04,NE,1597818656
north bend,43.41,-124.22,57,100,90,2.24,US,1597818562
mozarlandia,-14.74,-50.57,72.28,37,16,3.96,BR,1597818656
victoria,22.29,114.16,84,88,100,4,HK,1597818512
longyearbyen,78.22,15.64,44.6,70,75,13.87,SJ,1597818656
sosnovo-ozerskoye,52.52,111.54,67.6,44,0,7.94,RU,1597818656
eganville,45.53,-77.1,51.8,100,1,4.97,CA,1597818657
euclides da cunha,-10.51,-39.02,63.77,99,47,7.87,BR,1597818506
artesia,33.87,-118.08,75,88,1,4.7,US,1597818657
dillingen,49.35,6.73,63,88,100,2.91,DE,1597818657
neiafu,-18.65,-173.98,77,100,90,9.17,TO,1597818658
alexandria,31.22,29.96,80.6,61,40,5.82,EG,1597818658
hofn,64.25,-15.21,48.06,74,96,16.37,IS,1597818658
ornskoldsvik,63.29,18.72,60.8,93,12,3.36,SE,1597818658
wiang sa,8.64,99.37,93.99,67,90,3.94,TH,1597818658
west bay,19.37,-81.42,84,74,30,7.94,KY,1597818659
chumikan,54.72,135.31,60.96,52,93,12.33,RU,1597818659
barcelos,41.54,-8.62,68,88,40,12.75,PT,1597818659
santa isabel do rio negro,-0.41,-65.02,73.72,94,57,2.21,BR,1597818638
abha,18.22,42.51,80.6,44,43,10.29,SA,1597818659
cockburn town,21.46,-71.14,83.34,81,4,17.47,TC,1597818467
tilichiki,60.47,166.1,53.83,70,100,7.78,RU,1597818660
castro,-24.79,-50.01,57.61,98,100,3.71,BR,1597818639
kruisfontein,-34,24.73,48.99,86,50,3,ZA,1597818660
labuhan,-6.88,112.21,87.33,54,5,9.91,ID,1597818660
szecseny,48.08,19.52,71.01,93,75,4.38,HU,1597818660
carnarvon,-24.87,113.63,73.4,31,88,12.75,AU,1597818660
terre-de-bas,15.85,-61.64,80.6,78,28,6.93,GP,1597818661
vikhorevka,56.12,101.16,75.2,47,100,8.95,RU,1597818661
itarema,-2.92,-39.92,76.51,83,77,16.75,BR,1597818661
dikson,73.51,80.55,57.47,62,0,10.02,RU,1597818542
fereydun kenar,36.69,52.52,75.2,78,90,4.7,IR,1597818662
henties bay,-22.12,14.28,61.74,36,0,4.47,NA,1597818662
stornoway,58.21,-6.39,60.01,93,40,1.12,GB,1597818662
silvan,38.14,41.01,78.8,34,0,3.36,TR,1597818662
myitkyina,25.38,97.4,76.14,92,100,0.47,MM,1597818504
roald,62.58,6.13,64,93,75,5.82,NO,1597818662
ibresi,55.3,47.04,58.53,56,0,9.51,RU,1597818663
mulege,26.88,-111.98,89.51,51,52,9.51,MX,1597818663
ostrovnoy,68.05,39.51,54.57,63,0,0.85,RU,1597818663
whitianga,-36.83,175.7,57,96,100,7.92,NZ,1597818663
saint george,37.1,-113.58,95,16,1,5.82,US,1597818649
moron,-34.65,-58.62,48.99,57,95,3,AR,1597818558
stowe,40.25,-75.68,66.99,93,75,1.88,US,1597818424
bodden town,19.28,-81.25,84,72,36,5.01,KY,1597818664
hualmay,-11.1,-77.61,58.3,85,56,9.6,PE,1597818664
severo-kurilsk,50.68,156.12,50.05,91,100,15.35,RU,1597818664
umea,63.83,20.26,62.01,93,90,4.7,SE,1597818664
guerrero negro,27.98,-114.06,76.53,71,0,7,MX,1597818665
malkangiri,18.35,81.9,76.59,92,100,8.99,IN,1597818665
kahului,20.89,-156.47,80.6,61,1,12.75,US,1597818461
livingston,55.9,-3.52,57.99,100,90,3.36,GB,1597818665
medgyesegyhaza,46.5,21.03,68,94,90,2.24,HU,1597818665
okha,53.57,142.95,56.34,83,62,23.24,RU,1597818665
dwarka,22.24,68.97,84.43,81,100,22.64,IN,1597818666
amahai,-3.33,128.92,79.56,71,64,6.76,ID,1597818666
salalah,17.02,54.09,77,100,90,5.82,OM,1597818666
acapulco,16.86,-99.89,80.42,82,97,9.06,MX,1597818384
sibu,2.3,111.82,87.8,66,40,6.93,MY,1597818666
nuuk,64.18,-51.72,50,71,0,5.35,GL,1597818666
plettenberg bay,-34.05,23.37,49.39,78,100,9.26,ZA,1597818667
port elizabeth,-33.92,25.57,50,87,40,16.11,ZA,1597818667
new norfolk,-42.78,147.06,55.99,74,98,3,AU,1597818667
rochefort,45.92,-1,68,82,99,9.17,FR,1597818667
karpathos,35.51,27.21,78.8,65,0,31.09,GR,1597818667
rio novo,-21.46,-43.13,64,92,0,1.01,BR,1597818668
kavieng,-2.57,150.8,84.2,72,23,8.61,PG,1597818668
kalmunai,7.42,81.82,89.62,53,100,10.2,LK,1597818668
destin,30.39,-86.5,82.4,78,75,9.17,US,1597818668
nogliki,51.83,143.17,62.91,64,0,15.1,RU,1597818668
sayyan,15.17,44.32,73.8,30,40,5.61,YE,1597818669
nizwa,22.93,57.53,100.81,29,82,4.16,OM,1597818669
general roca,-39.03,-67.58,39.2,55,0,4.7,AR,1597818669
talnakh,69.49,88.4,73.4,31,3,13.42,RU,1597818669
banjar,-8.19,114.97,82.4,78,40,16.11,ID,1597818670
sumbe,-11.21,13.84,70.97,84,83,3.18,AO,1597818670
vila velha,-20.33,-40.29,75,88,20,6.93,BR,1597818670
port hardy,50.7,-127.42,55.4,100,75,3.36,CA,1597818670
puebloviejo,10.99,-74.28,80.6,88,40,4.7,CO,1597818670
comodoro rivadavia,-45.87,-67.5,33.8,50,0,10.29,AR,1597818671
balaipungut,1.05,101.28,87.8,62,40,11.41,ID,1597818671
kashi,39.45,75.98,77,38,40,2.24,CN,1597818671
bryan,30.67,-96.37,75.2,64,1,7.45,US,1597818450
cody,44.53,-109.06,77,31,20,10.29,US,1597818671
lieksa,63.32,30.02,60.19,70,95,7.85,FI,1597818671
maniitsoq,65.42,-52.9,50.5,68,0,7.16,GL,1597818671
cabo san lucas,22.89,-109.91,84,76,100,7.85,MX,1597818672
seymchan,62.88,152.43,58.82,60,100,9.44,RU,1597818672
two hills,53.72,-111.75,67.39,73,83,3.13,CA,1597818672
norman wells,65.28,-126.83,55.4,82,75,2.24,CA,1597818672
jizan,17.33,42.67,95,53,20,6.93,SA,1597818673
kendari,-3.94,122.5,83.62,55,29,7.74,ID,1597818673
kimbe,-5.55,150.14,84.49,65,35,1.83,PG,1597818673
murgab,37.5,61.97,86,22,0,11.41,TM,1597818673
zhanaozen,43.3,52.8,80.49,30,0,7.65,KZ,1597818673
ponta delgada,37.73,-25.67,69.8,77,20,6.93,PT,1597818673
qaanaaq,77.48,-69.36,44.04,81,100,5.41,GL,1597818674
sambava,-14.27,50.17,76.28,63,52,10.65,MG,1597818674
astana,51.18,71.45,60.8,77,75,13.42,KZ,1597818497
fort nelson,58.81,-122.7,51.8,100,40,5.23,CA,1597818674
ferrol,43.48,-8.24,70,82,20,19.46,ES,1597818674
luanda,-8.84,13.23,69.66,90,97,2.59,AO,1597818519
ararangua,-28.93,-49.49,62.82,90,100,3.53,BR,1597818674
karachi,24.91,67.08,89.6,66,75,17.22,PK,1597818448
alofi,-19.06,-169.92,75.2,94,100,12.75,NU,1597818675
camopi,3.17,-52.32,70.86,97,100,1.57,GF,1597818675
hami,42.8,93.45,98.85,8,17,7.76,CN,1597818675
oktyabrskiy,54.48,53.47,57.13,57,0,15.84,RU,1597818675
fukuma,33.77,130.47,104,50,40,9.17,JP,1597818675
karasjok,69.47,25.51,53.22,73,97,6.87,NO,1597818675
nikolskoye,59.7,30.79,63,62,0,8.95,RU,1597818676
valdosta,30.83,-83.28,71.6,94,1,2.91,US,1597818605
beringovskiy,63.05,179.32,52.21,67,64,2.95,RU,1597818676
kem,64.96,34.58,57.79,61,27,8.46,RU,1597818676
jonesboro,35.84,-90.7,73.4,69,1,5.82,US,1597818676
cairns,-16.92,145.77,80.01,57,30,8.05,AU,1597818676
waipawa,-41.41,175.52,53.6,93,100,6.93,NZ,1597818395
kalamare,-22.93,26.57,45.19,44,0,14.74,BW,1597818677
klaksvik,62.23,-6.59,50,76,100,4.7,FO,1597818677
aripuana,-9.17,-60.63,72.95,40,0,1.3,BR,1597818568
gwembe,-16.5,27.61,71.4,23,0,6.33,ZM,1597818677
mount gambier,-37.83,140.77,53.6,71,40,19.46,AU,1597818678
manacapuru,-3.3,-60.62,75.2,94,0,3.36,BR,1597818678
christchurch,-43.53,172.63,54,87,100,10.29,NZ,1597818580
zamosc,50.72,23.25,66.2,100,92,2.24,PL,1597818679
visegrad,43.78,19.3,57.2,100,75,6.93,BA,1597818679
ginir,7.13,40.7,63.32,75,100,7.58,ET,1597818679
sawtell,-30.38,153.1,75.2,22,13,10.29,AU,1597818679
coffs harbour,-30.3,153.13,75.2,22,26,10.29,AU,1597818669
yar-sale,66.83,70.83,62.31,61,100,17.98,RU,1597818680
storm lake,42.64,-95.21,60.8,87,1,6.93,US,1597818680
lazaro cardenas,17.96,-102.2,76.12,84,76,4,MX,1597818680
faanui,-16.48,-151.75,78.12,76,18,23.98,PF,1597818680
deputatskiy,69.3,139.9,36.1,84,100,5.64,RU,1597818680
talcahuano,-36.72,-73.12,44.6,70,43,9.17,CL,1597818434
teguldet,57.31,88.17,72.19,47,100,7.05,RU,1597818681
nago,26.59,127.98,91.4,63,40,11.41,JP,1597818681
requena,39.49,-1.1,68,64,0,0.34,ES,1597818681
kijang,35.24,129.21,91.4,59,20,16.11,KR,1597818681
olafsvik,64.89,-23.71,47.62,82,100,14.56,IS,1597818681
zonguldak,41.25,31.83,66.2,72,0,5.82,TR,1597818682
amapa,1,-52,70.32,98,30,1.63,BR,1597818682
aklavik,68.22,-135.01,50,81,40,2.24,CA,1597818682
kelvington,52.17,-103.53,67.69,57,0,5.84,CA,1597818682
yelanskiy,56.84,62.5,50.86,91,100,14.07,RU,1597818682
otyniya,48.74,24.86,66.2,82,100,3.06,UA,1597818682
ust-ordynskiy,52.8,104.75,80.6,42,0,13.42,RU,1597818683
orel,52.97,36.08,67.89,69,73,7.54,RU,1597818683
katsuura,35.13,140.3,93.99,49,75,13.87,JP,1597818683
gazojak,41.19,61.4,85.15,14,0,6.4,TM,1597818683
erzin,36.96,36.2,82,78,31,7,TR,1597818683
qui nhon,13.77,109.23,89.67,60,34,4.34,VN,1597818683
broome,42.25,-75.83,57,100,60,1.45,US,1597818683
maroantsetra,-15.43,49.73,73.69,70,25,2.13,MG,1597818684
churapcha,62,132.43,68.81,28,80,7.09,RU,1597818684
taltal,-25.4,-70.48,49.62,73,0,1.83,CL,1597818684
east wenatchee bench,47.43,-120.28,80.6,26,1,12.75,US,1597818684
kingston,18,-76.79,82.4,78,20,1.12,JM,1597818391
nioro,13.35,-15.75,77.95,91,100,5.91,GM,1597818685
hamilton,39.18,-84.53,66.2,82,90,6.93,US,1597818445
gitarama,-2.07,29.76,68,64,75,3.36,RW,1597818685
clyde river,70.47,-68.59,46.4,93,90,3.29,CA,1597818685
sakakah,29.97,40.21,84.2,26,0,10.29,SA,1597818685
santa cruz de la palma,28.68,-17.76,70,83,0,9.17,ES,1597818686
pechora,65.15,57.22,61,76,100,5.66,RU,1597818686
ceres,37.59,-120.96,93.2,21,40,10.29,US,1597818641
terrace,54.52,-128.6,53.6,81,20,3.36,CA,1597818686
walvis bay,-22.96,14.51,51.8,25,0,12.75,NA,1597818686
tamasane,-22.42,27.4,50,46,0,6.93,BW,1597818687
bilibino,68.05,166.44,51.48,62,65,7.36,RU,1597818687
san isidro,-12.12,-77.05,59,82,90,8.05,PE,1597818687
mineiros,-17.57,-52.55,70.66,34,0,7.09,BR,1597818687
mezhova,48.25,36.73,81.54,38,47,2.75,UA,1597818688
ixtapa,20.7,-105.2,75.99,95,100,3.13,MX,1597818653
agirish,61.92,63.02,54.99,96,100,7.94,RU,1597818688
luau,-10.71,22.22,75.69,20,11,4.83,AO,1597818688
togur,58.36,82.83,70.72,48,28,11.95,RU,1597818688
padang,-0.95,100.35,84.58,67,28,5.3,ID,1597818689
eyl,7.98,49.82,89.13,48,9,24.43,SO,1597818689
bilokurakyne,49.53,38.73,81.57,45,1,2.08,UA,1597818689
mont-dore,-22.28,166.58,73.4,60,0,5.82,NC,1597818689
chiknayakanhalli,13.42,76.62,82.18,60,91,11.54,IN,1597818689
vao,-22.67,167.48,68.92,56,0,1.54,NC,1597818689
abay,49.63,72.85,69.8,43,40,22.37,KZ,1597818690
avera,33.19,-82.53,69.8,88,75,3.06,US,1597818690
gigmoto,13.78,124.39,84.94,75,40,5.37,PH,1597818690
dzerzhinskoye,56.83,95.23,70.39,81,100,9.22,RU,1597818690
vanavara,60.34,102.28,78.13,29,0,7.63,RU,1597818690
isparta,38,31,75.2,47,0,2.75,TR,1597818691
media luna,20.14,-77.44,80.15,78,0,2.01,CU,1597818691
najran,17.49,44.13,95,15,9,2.24,SA,1597818691
cayenne,4.93,-52.33,78.8,100,16,3.36,GF,1597818525
saint-leu,-21.15,55.28,77,57,3,14.99,RE,1597818691
ketchikan,55.34,-131.65,57.2,100,90,6.93,US,1597818645
ballitoville,-29.54,31.21,59,33,0,5.82,ZA,1597818692
aleksandrov gay,50.15,48.57,72.95,30,14,0.4,RU,1597818692
havre-saint-pierre,50.23,-63.6,57.2,100,90,5.82,CA,1597818692
borogontsy,62.67,131.17,68.02,34,13,7.2,RU,1597818692
shieli,44.17,66.75,83.89,22,0,10.51,KZ,1597818692
bara,10.37,10.73,77.56,85,96,7.29,NG,1597818693
saint-joseph,-21.37,55.62,77,57,7,14.99,RE,1597818693
gouyave,12.16,-61.73,80.6,88,40,5.82,GD,1597818693
birao,10.28,22.79,75.47,89,100,7.67,CF,1597818693
lalibela,12.03,39.03,66.2,67,100,2.24,ET,1597818694
constitucion,-35.33,-72.42,45.25,75,0,9.66,CL,1597818694
naraini,25.18,80.48,82.4,94,75,1.36,IN,1597818694
hasaki,35.73,140.83,99,66,75,12.75,JP,1597818657
adrar,20.5,-10.07,92.05,16,50,13.35,MR,1597818694
sepuka,-4.75,34.53,72.7,46,72,10.89,TZ,1597818695
novyy urengoy,66.08,76.63,72.5,42,100,17.74,RU,1597818695
lima,-12.04,-77.03,59,82,90,8.05,PE,1597818404
tavricheskoye,54.59,73.64,62.6,67,75,13.42,RU,1597818695
xuzhou,34.18,117.16,91.85,64,100,6.73,CN,1597818695
majene,-3.54,118.97,86.7,50,77,13.62,ID,1597818581
binga,-17.62,27.34,70.92,22,0,10.31,ZW,1597818695
inirida,3.87,-67.92,73.54,94,100,2.21,CO,1597818696
marevo,57.31,32.08,65.68,56,7,5.48,RU,1597818696
villamontes,-21.25,-63.5,63.09,83,0,2.3,BO,1597818618
haines junction,60.75,-137.51,45.14,77,20,3.42,CA,1597818696
keti bandar,24.14,67.45,87.33,74,79,16.35,PK,1597818697
bridgetown,13.1,-59.62,82.4,78,40,18.34,BB,1597818697
lasa,46.62,10.7,51.8,100,20,3.36,IT,1597818435
santa rosa,14.31,121.11,86,70,65,10.29,PH,1597818697
maldonado,-34.67,-54.92,48.99,81,0,16.11,UY,1597818697
seydi,39.48,62.91,87.04,13,0,9.1,TM,1597818697
huanren,41.26,125.37,69.28,93,100,4.61,CN,1597818698
funtua,11.52,7.31,72,88,64,11.5,NG,1597818698
naze,28.37,129.48,91.4,66,20,11.41,JP,1597818663
zyryanka,65.75,150.85,62.04,41,97,8.63,RU,1597818698
waddan,29.16,16.14,90.75,21,0,3.29,LY,1597818698
praia da vitoria,38.73,-27.07,69.8,77,75,17.2,PT,1597818698
bubaque,11.28,-15.83,80.65,85,100,15.03,GW,1597818699
kinkala,-4.36,14.76,72.46,79,100,6.17,CG,1597818699
bol,13.46,14.71,80.26,81,99,12.26,TD,1597818699
bethel,41.37,-73.41,60.01,93,1,3.04,US,1597818699
gizo,-8.1,156.84,82.04,76,8,5.12,SB,1597818699
san quintin,30.48,-115.95,77.47,71,0,4.99,MX,1597818501
amga,60.9,131.96,67.8,33,100,6.8,RU,1597818700
los llanos de aridane,28.66,-17.92,70,83,0,9.17,ES,1597818551
lashio,22.93,97.75,67.87,100,100,0.78,MM,1597818578
geraldton,-28.77,114.6,64.4,55,75,8.05,AU,1597818643
ust-maya,60.42,134.53,66.4,34,95,8.12,RU,1597818700
pachino,36.72,15.09,77,63,0,7.27,IT,1597818701
pudozh,61.81,36.53,58.3,65,92,3.15,RU,1597818701
jogeva,58.75,26.39,66,82,1,1.12,EE,1597818701
tazovskiy,67.47,78.7,65.35,54,7,14.72,RU,1597818465
pahrump,36.21,-115.98,96.8,13,1,11.41,US,1597818701
emerald,-23.53,148.17,89.6,17,0,12.75,AU,1597818494
mogadishu,2.04,45.34,78.8,69,75,11.41,SO,1597818629
srandakan,-7.94,110.25,85.51,58,19,18.01,ID,1597818502
triolet,-20.05,57.55,75,66,0,13,MU,1597818702
ahipara,-35.17,173.17,57.09,92,17,9.1,NZ,1597818702
gat,31.61,34.76,81,77,10,5.39,IL,1597818702
asuncion,-25.3,-57.64,69.8,94,79,5.82,PY,1597818694
minas novas,-17.22,-42.59,61.92,93,27,1.79,BR,1597818702
kizhinga,51.85,109.91,75.36,30,6,4.41,RU,1597818703
hoa binh,20.81,105.34,87.8,66,75,5.82,VN,1597818703
aksarka,66.56,67.8,65.46,64,86,17.56,RU,1597818703
richards bay,-28.78,32.04,63.46,33,0,15.66,ZA,1597818703
faya,18.39,42.45,80.6,44,49,10.29,SA,1597818703
alamogordo,32.9,-105.96,78.01,38,1,3.78,US,1597818703
slave lake,55.28,-114.77,64.4,59,1,6.93,CA,1597818463
malpe,13.35,74.72,80.6,88,75,11.41,IN,1597818704
inta,66.03,60.17,66.56,60,96,10.38,RU,1597818704
orlik,52.52,99.83,74.77,31,34,2.59,RU,1597818704
fresno,36.67,-119.83,93.2,36,40,13.87,US,1597818704
rawson,-43.3,-65.1,38.32,77,58,21.74,AR,1597818705
laranjeiras do sul,-25.41,-52.42,55.94,100,100,3.85,BR,1597818705
polis,35.04,32.43,86,69,20,4.7,CY,1597818705
chara,56.91,118.26,65.08,31,0,2.68,RU,1597818705
mormugao,15.4,73.8,84.2,83,40,16.11,IN,1597818705
lodja,-3.48,23.43,85.87,52,25,4.16,CD,1597818705
pangnirtung,66.15,-65.71,53.78,59,99,2.66,CA,1597818706
vestmanna,62.16,-7.17,50,76,99,4.7,FO,1597818706
pozo colorado,-23.49,-58.8,66.06,94,100,1.39,PY,1597818706
gari,59.43,62.35,56.71,92,100,10.07,RU,1597818706
nagai,38.1,140.03,93,55,20,3.36,JP,1597818706
boulder city,35.98,-114.83,96.01,18,1,6.73,US,1597818503
benguela,-12.58,13.41,68,88,90,2.17,AO,1597818706
bijar,35.87,47.61,76.73,29,0,8.28,IR,1597818707
genhe,50.78,121.52,66.69,35,55,6.51,CN,1597818707
santa maria,-29.68,-53.81,53.58,94,9,2.64,BR,1597818607
kingsport,36.55,-82.56,68,77,75,4.7,US,1597818707
muroto,33.28,134.15,87.8,79,40,10.29,JP,1597818707
arlit,18.74,7.39,91.13,18,0,6.04,NE,1597818708
diffa,13.32,12.61,83.82,56,61,12.95,NE,1597818708
sacama,-3.9,-79.27,51.13,100,88,1.07,EC,1597818708
otane,-39.88,176.63,52,94,100,10,NZ,1597818708
evensk,61.95,159.23,48.67,91,100,5.66,RU,1597818708
sterling,39.01,-77.43,71.01,94,75,1.28,US,1597818599
lukulu,-14.37,23.24,68.52,23,0,9.37,ZM,1597818709
eresos,39.17,25.93,73.4,78,0,3.36,GR,1597818709
severo-yeniseyskiy,60.37,93.04,68.68,68,100,5.68,RU,1597818709
khor,47.89,134.95,68.07,71,89,8.52,RU,1597818709
minuwangoda,7.17,79.95,87.8,70,40,10.29,LK,1597818709
contai,21.78,87.75,85.84,76,91,6.82,IN,1597818709
liyang,29.71,118.29,91,81,1,3.33,CN,1597818710
rundu,-17.93,19.77,51.96,41,8,11.63,NA,1597818710
bileca,42.87,18.43,71.6,60,0,18.34,BA,1597818710
sainte-rose,16.33,-61.7,80.6,78,32,6.93,GP,1597818710
santa clara,22.4,-79.97,77,94,20,2.24,CU,1597818710
asfi,32.3,-9.24,69.12,88,0,13.47,MA,1597818711
tautira,-17.73,-149.15,77,69,20,2.24,PF,1597818711
dapaong,10.86,0.2,73.58,92,5,11.16,TG,1597818711
yinchuan,38.47,106.27,84.54,22,0,9.57,CN,1597818641
pala,9.36,14.9,71.4,97,100,6.44,TD,1597818711
meulaboh,4.14,96.13,86.45,61,64,6.91,ID,1597818712
rancho palos verdes,33.74,-118.39,73.99,83,21,1.72,US,1597818712
quzhou,28.96,118.87,94.68,51,0,4.68,CN,1597818663
nizhnevartovsk,60.93,76.55,66.2,68,40,8.95,RU,1597818712
olpad,21.33,72.75,80.6,94,90,5.82,IN,1597818712
novoagansk,61.94,76.66,63.82,73,94,6.38,RU,1597818712
krasnoselkup,65.7,82.47,76.05,35,2,17.02,RU,1597818712
eenhana,-17.47,16.33,53.6,27,0,5.82,NA,1597818713
jaru,-10.44,-62.47,74.64,44,19,1.05,BR,1597818713
beyneu,45.32,55.2,81.37,36,3,6.58,KZ,1597818713
dale,38.17,-86.99,66.2,100,1,4.7,US,1597818713
tanout,14.97,8.89,84.7,57,2,15.99,NE,1597818713
yuncheng,35.02,110.99,69.71,82,100,2.46,CN,1597818713
lewistown,40.6,-77.57,64.99,87,20,2.15,US,1597818713
ardakan,32.31,54.02,89.6,19,0,6.93,IR,1597818714
iquique,-20.22,-70.14,59,77,90,8.05,CL,1597818714
slonim,53.09,25.32,66.87,90,100,3.74,BY,1597818714
sistranda,63.73,8.83,61,87,75,2.24,NO,1597818714
kirovskiy,45.09,133.51,62.26,94,100,5.79,RU,1597818714
glendive,47.11,-104.71,80.01,31,1,8.05,US,1597818714
carballo,43.21,-8.69,70,82,20,19.46,ES,1597818629
bandarbeyla,9.49,50.81,87.66,50,0,27.72,SO,1597818715
shelburne,44.08,-80.2,55.99,93,90,3.36,CA,1597818715
tairua,-37.02,175.85,57,91,100,8.75,NZ,1597818715
khorinsk,52.17,109.77,73.24,31,0,5.37,RU,1597818715
akyab,20.15,92.9,80.51,88,100,19.89,MM,1597818715
manaure,11.78,-72.44,80.8,81,100,2.08,CO,1597818716
mount isa,-20.73,139.5,91.4,14,89,9.17,AU,1597818641
port hedland,-20.32,118.57,86,16,87,11.41,AU,1597818716
lucea,18.45,-78.17,79,88,20,11.41,JM,1597818716
luwuk,-0.95,122.79,83.44,60,16,9.46,ID,1597818716
de aar,-30.65,24.01,34.68,82,2,4.97,ZA,1597818716
egersund,58.45,6,64,94,77,5.01,NO,1597818716
saint-pierre,-21.34,55.48,77,57,0,14.99,RE,1597818717
piracuruca,-3.93,-41.71,68.79,81,0,3.67,BR,1597818717
solano,38.23,-121.95,91.4,30,1,12.75,US,1597818717
shishou,29.72,112.42,87.17,75,100,4.05,CN,1597818717
taoudenni,22.68,-3.98,95.94,32,0,5.21,ML,1597818717
raudeberg,61.99,5.14,63,92,98,8.23,NO,1597818717
kilrush,52.64,-9.48,59,100,75,4.7,IE,1597818718
punta alta,-38.88,-62.07,40.86,71,60,19.91,AR,1597818718
melito di porto salvo,37.92,15.77,80.6,65,0,10.29,IT,1597818718
kavaje,41.19,19.56,73.4,83,20,4.7,AL,1597818718
at-bashi,41.17,75.81,69.13,32,49,5.39,KG,1597818719
tigil,57.8,158.67,54.93,97,100,4.14,RU,1597818719
atikokan,48.76,-91.62,54.36,96,100,6.22,CA,1597818719
nome,64.5,-165.41,55.99,100,90,8.05,US,1597818719
never,46.99,3.16,62.6,100,100,3.36,FR,1597818719
gryazovets,58.88,40.25,57,56,0,6.15,RU,1597818719
nawa,27.02,75,91.69,59,100,10.2,IN,1597818720
birin,26.89,88.07,87.8,74,75,4.7,NP,1597818720
houma,29.6,-90.72,79,88,40,2.33,US,1597818703
jacareacanga,-6.22,-57.75,72.95,46,0,1.39,BR,1597818720
calama,-22.47,-68.93,24.8,38,0,18.34,CL,1597818720
san patricio,19.22,-104.7,77.29,85,100,4.38,MX,1597818498
nyazepetrovsk,56.05,59.6,46.2,86,100,13.65,RU,1597818721
souillac,-20.52,57.52,77,53,40,19.46,MU,1597818721
oranjestad,12.52,-70.03,82.4,83,20,2.24,AW,1597818721
monte patria,-30.69,-70.95,50.95,71,100,1.39,CL,1597818721
moose factory,51.26,-80.61,46.4,100,90,3.36,CA,1597818722
sao joao da barra,-21.64,-41.05,71.56,83,0,17.02,BR,1597818722
upata,8.01,-62.4,78.01,90,100,1.01,VE,1597818722
abu kamal,34.45,40.92,92.52,22,0,13.51,SY,1597818722
korem,12.51,39.52,68.09,50,100,5.68,ET,1597818722
umm lajj,25.02,37.27,92.41,43,0,10.8,SA,1597818723
cabo rojo,18.09,-67.15,78.01,91,0,6.96,PR,1597818723
morondava,-20.28,44.28,77.14,47,0,3.4,MG,1597818723
kirkuk,35.47,44.39,98.1,9,0,7.16,IQ,1597818723
aksu,41.12,80.26,84.61,24,100,10.31,CN,1597818724
collie,-33.37,116.15,62.01,45,33,7.27,AU,1597818724
preobrazheniye,42.9,133.91,80.82,67,0,13.58,RU,1597818724
ambon,-3.7,128.18,86,55,20,5.82,ID,1597818466
sinegorskiy,48.01,40.84,76.39,47,100,1.97,RU,1597818724
bayang,7.79,124.19,75.27,88,100,4.23,PH,1597818724
constantine,36.37,6.61,71.6,53,20,1.12,DZ,1597818724
tignere,7.37,12.65,66.67,98,100,1.01,CM,1597818725
ekhabi,53.51,142.97,56.53,83,62,22.59,RU,1597818725
lazurne,46.08,32.53,78.8,29,0,4.47,UA,1597818725
